STATE,LONGITUDE,LATITUDE,YEAR,AREA,
Andaman and Nicobar Islands,92.6586401,11.7400867,01-01-1987,"7,601",15610
Andaman and Nicobar Islands,92.6586401,11.7400867,01-01-1989,"7,622",17292
Andaman and Nicobar Islands,92.6586401,11.7400867,01-01-1991,"7,622",19984
Andaman and Nicobar Islands,92.6586401,11.7400867,01-01-1993,"7,624",14178
Andaman and Nicobar Islands,92.6586401,11.7400867,01-01-1995,"7,615",12082
Andaman and Nicobar Islands,92.6586401,11.7400867,01-01-1997,"7,613",12017
Andaman and Nicobar Islands,92.6586401,11.7400867,01-01-1999,"7,606",19384
Andaman and Nicobar Islands,92.6586401,11.7400867,01-01-2001,"6,930",15896
Andaman and Nicobar Islands,92.6586401,11.7400867,01-01-2003,"6,964",15393
Andaman and Nicobar Islands,92.6586401,11.7400867,01-01-2005,"6,629",11920
Andaman and Nicobar Islands,92.6586401,11.7400867,01-01-2007,"6,662",10033
Andaman and Nicobar Islands,92.6586401,11.7400867,01-01-2011,"6,724",18307
Andaman and Nicobar Islands,92.6586401,11.7400867,01-01-2013,"6,711",12714
Andhra Pradesh,79.7399875,15.9128998,01-01-1987,"49,573",54443843
Andhra Pradesh,79.7399875,15.9128998,01-01-1989,"47,290",51126301
Andhra Pradesh,79.7399875,15.9128998,01-01-1991,"47,290",51647932
Andhra Pradesh,79.7399875,15.9128998,01-01-1993,"47,256",53560865
Andhra Pradesh,79.7399875,15.9128998,01-01-1995,"47,112",50173976
Andhra Pradesh,79.7399875,15.9128998,01-01-1997,"43,290",51047006
Andhra Pradesh,79.7399875,15.9128998,01-01-1999,"44,229",50518157
Andhra Pradesh,79.7399875,15.9128998,01-01-2001,"44,637",54435191
Andhra Pradesh,79.7399875,15.9128998,01-01-2003,"44,419",49871279
Andhra Pradesh,79.7399875,15.9128998,01-01-2005,"44,372",51556343
Andhra Pradesh,79.7399875,15.9128998,01-01-2007,"45,102",54069744
Andhra Pradesh,79.7399875,15.9128998,01-01-2011,"46,389",51365210
Andhra Pradesh,79.7399875,15.9128998,01-01-2013,"46,116",52668930
Arunachal Pradesh,94.7277528,28.2179994,01-01-1987,"64,132",1608878
Arunachal Pradesh,94.7277528,28.2179994,01-01-1989,"69,002",1580395
Arunachal Pradesh,94.7277528,28.2179994,01-01-1991,"68,757",1699306
Arunachal Pradesh,94.7277528,28.2179994,01-01-1993,"68,661",1691086
Arunachal Pradesh,94.7277528,28.2179994,01-01-1995,"68,621",1660928
Arunachal Pradesh,94.7277528,28.2179994,01-01-1997,"68,602",1724268
Arunachal Pradesh,94.7277528,28.2179994,01-01-1999,"68,847",1638635
Arunachal Pradesh,94.7277528,28.2179994,01-01-2001,"68,045",1573056
Arunachal Pradesh,94.7277528,28.2179994,01-01-2003,"68,019",1628401
Arunachal Pradesh,94.7277528,28.2179994,01-01-2005,"67,777",1726455
Arunachal Pradesh,94.7277528,28.2179994,01-01-2007,"67,353",1712524
Arunachal Pradesh,94.7277528,28.2179994,01-01-2011,"67,410",1625661
Arunachal Pradesh,94.7277528,28.2179994,01-01-2013,"67,321",1611620
Assam,92.9375739,26.2006043,01-01-1987,"25,160",36608978
Assam,92.9375739,26.2006043,01-01-1989,"24,832",36025432
Assam,92.9375739,26.2006043,01-01-1991,"24,751",35765501
Assam,92.9375739,26.2006043,01-01-1993,"24,508",37135719
Assam,92.9375739,26.2006043,01-01-1995,"24,061",37209404
Assam,92.9375739,26.2006043,01-01-1997,"23,824",37309517
Assam,92.9375739,26.2006043,01-01-1999,"23,688",36411835
Assam,92.9375739,26.2006043,01-01-2001,"27,714",36507117
Assam,92.9375739,26.2006043,01-01-2003,"27,826",36560092
Assam,92.9375739,26.2006043,01-01-2005,"27,645",37357075
Assam,92.9375739,26.2006043,01-01-2007,"27,692",35853503
Assam,92.9375739,26.2006043,01-01-2011,"27,673",37169263
Assam,92.9375739,26.2006043,01-01-2013,"27,671",37138489
Bihar,85.3131194,25.0960742,01-01-1987,"28,482",125912422
Bihar,85.3131194,25.0960742,01-01-1989,"26,668",126895761
Bihar,85.3131194,25.0960742,01-01-1991,"26,668",125571989
Bihar,85.3131194,25.0960742,01-01-1993,"26,587",128174280
Bihar,85.3131194,25.0960742,01-01-1995,"26,561",125685712
Bihar,85.3131194,25.0960742,01-01-1997,"4,832",133402663
Bihar,85.3131194,25.0960742,01-01-1999,"4,830",135677131
Bihar,85.3131194,25.0960742,01-01-2001,"5,720",124816219
Bihar,85.3131194,25.0960742,01-01-2003,"5,558",135972262
Bihar,85.3131194,25.0960742,01-01-2005,"5,579",127667174
Bihar,85.3131194,25.0960742,01-01-2007,"6,804",134721178
Bihar,85.3131194,25.0960742,01-01-2011,"6,845",126414582
Bihar,85.3131194,25.0960742,01-01-2013,"7,291",131279690
Chandigarh,76.7794179,30.7333148,01-01-1987,2,1167357
Chandigarh,76.7794179,30.7333148,01-01-1989,5,1197256
Chandigarh,76.7794179,30.7333148,01-01-1991,5,1216186
Chandigarh,76.7794179,30.7333148,01-01-1993,5,1229464
Chandigarh,76.7794179,30.7333148,01-01-1995,7,1169721
Chandigarh,76.7794179,30.7333148,01-01-1997,7,1214519
Chandigarh,76.7794179,30.7333148,01-01-1999,7,1218843
Chandigarh,76.7794179,30.7333148,01-01-2001,9,1171494
Chandigarh,76.7794179,30.7333148,01-01-2003,15,1195412
Chandigarh,76.7794179,30.7333148,01-01-2005,15,1244094
Chandigarh,76.7794179,30.7333148,01-01-2007,17,1263986
Chandigarh,76.7794179,30.7333148,01-01-2011,17,1204126
Chandigarh,76.7794179,30.7333148,01-01-2013,17.26,1161533
Daman & Diu,72.8238,20.3974,01-01-1987,0,649499
Daman & Diu,72.8238,20.3974,01-01-1989,0,651756
Daman & Diu,72.8238,20.3974,01-01-1991,0,695615
Daman & Diu,72.8238,20.3974,01-01-1993,0,703963
Daman & Diu,72.8238,20.3974,01-01-1995,0,669920
Daman & Diu,72.8238,20.3974,01-01-1997,0,648189
Daman & Diu,72.8238,20.3974,01-01-1999,0,702702
Daman & Diu,72.8238,20.3974,01-01-2001,6,653633
Daman & Diu,72.8238,20.3974,01-01-2003,8,708010
Daman & Diu,72.8238,20.3974,01-01-2005,8,638573
Daman & Diu,72.8238,20.3974,01-01-2007,6,681205
Daman & Diu,72.8238,20.3974,01-01-2011,6,687386
Daman & Diu,72.8238,20.3974,01-01-2013,9.27,688844
Delhi,77.1024902,28.7040592,01-01-1987,15,18710922
Delhi,77.1024902,28.7040592,01-01-1989,22,18710922
Delhi,77.1024902,28.7040592,01-01-1991,22,18710922
Delhi,77.1024902,28.7040592,01-01-1993,22,18710922
Delhi,77.1024902,28.7040592,01-01-1995,26,18710922
Delhi,77.1024902,28.7040592,01-01-1997,26,18710922
Delhi,77.1024902,28.7040592,01-01-1999,88,18710922
Delhi,77.1024902,28.7040592,01-01-2001,111,18710922
Delhi,77.1024902,28.7040592,01-01-2003,170,18710922
Delhi,77.1024902,28.7040592,01-01-2005,176,18710922
Delhi,77.1024902,28.7040592,01-01-2007,177,18710922
Delhi,77.1024902,28.7040592,01-01-2011,176,18710922
Delhi,77.1024902,28.7040592,01-01-2013,179.81,18710922
Goa,74.123996,15.2993265,01-01-1987,"1,240",1656031
Goa,74.123996,15.2993265,01-01-1989,"1,255",1596995
Goa,74.123996,15.2993265,01-01-1991,"1,255",1884612
Goa,74.123996,15.2993265,01-01-1993,"1,250",1674396
Goa,74.123996,15.2993265,01-01-1995,"1,250",1620024
Goa,74.123996,15.2993265,01-01-1997,"1,252",1760239
Goa,74.123996,15.2993265,01-01-1999,"1,251",1781570
Goa,74.123996,15.2993265,01-01-2001,"2,095",1854688
Goa,74.123996,15.2993265,01-01-2003,"2,156",1742951
Goa,74.123996,15.2993265,01-01-2005,"2,164",1810567
Goa,74.123996,15.2993265,01-01-2007,"2,151",1710464
Goa,74.123996,15.2993265,01-01-2011,"2,219",1801093
Goa,74.123996,15.2993265,01-01-2013,"2,219",1884028
Gujarat,71.1923805,22.258652,01-01-1987,"11,991",64356879
Gujarat,71.1923805,22.258652,01-01-1989,"11,921",67983227
Gujarat,71.1923805,22.258652,01-01-1991,"11,907",66945132
Gujarat,71.1923805,22.258652,01-01-1993,"12,044",69074921
Gujarat,71.1923805,22.258652,01-01-1995,"12,320",64619638
Gujarat,71.1923805,22.258652,01-01-1997,"12,578",64398100
Gujarat,71.1923805,22.258652,01-01-1999,"12,965",64302154
Gujarat,71.1923805,22.258652,01-01-2001,"15,152",67130694
Gujarat,71.1923805,22.258652,01-01-2003,"14,946",70224463
Gujarat,71.1923805,22.258652,01-01-2005,"14,715",69101421
Gujarat,71.1923805,22.258652,01-01-2007,"14,620",68830096
Gujarat,71.1923805,22.258652,01-01-2011,"14,619",69325360
Gujarat,71.1923805,22.258652,01-01-2013,"14,653",66082671
Haryana,76.085601,29.0587757,01-01-1987,513,29077354
Haryana,76.085601,29.0587757,01-01-1989,513,30100289
Haryana,76.085601,29.0587757,01-01-1991,513,30220810
Haryana,76.085601,29.0587757,01-01-1993,513,29731177
Haryana,76.085601,29.0587757,01-01-1995,603,29446294
Haryana,76.085601,29.0587757,01-01-1997,604,30819252
Haryana,76.085601,29.0587757,01-01-1999,964,30187463
Haryana,76.085601,29.0587757,01-01-2001,"1,754",30115995
Haryana,76.085601,29.0587757,01-01-2003,"1,517",29072454
Haryana,76.085601,29.0587757,01-01-2005,"1,587",28228711
Haryana,76.085601,29.0587757,01-01-2007,"1,594",30363769
Haryana,76.085601,29.0587757,01-01-2011,"1,608",29486751
Haryana,76.085601,29.0587757,01-01-2013,"1,586",30935439
Himachal Pradesh,77.1733901,31.1048294,01-01-1987,"12,480",28560193
Himachal Pradesh,77.1733901,31.1048294,01-01-1989,"12,480",55869880
Himachal Pradesh,77.1733901,31.1048294,01-01-1991,"12,480",26532576
Himachal Pradesh,77.1733901,31.1048294,01-01-1993,"12,502",103460232
Himachal Pradesh,77.1733901,31.1048294,01-01-1995,"12,501",166024640
Himachal Pradesh,77.1733901,31.1048294,01-01-1997,"12,521",160776878
Himachal Pradesh,77.1733901,31.1048294,01-01-1999,"13,082",147382576
Himachal Pradesh,77.1733901,31.1048294,01-01-2001,"14,360",103850910
Himachal Pradesh,77.1733901,31.1048294,01-01-2003,"14,353",54886486
Himachal Pradesh,77.1733901,31.1048294,01-01-2005,"14,369",173286024
Himachal Pradesh,77.1733901,31.1048294,01-01-2007,"14,668",26331401
Himachal Pradesh,77.1733901,31.1048294,01-01-2011,"14,679",69227306
Himachal Pradesh,77.1733901,31.1048294,01-01-2013,"14,683",151119004
Jammu & Kashmir,75.3412179,33.277839,01-01-1987,"20,905",14058659
Jammu & Kashmir,75.3412179,33.277839,01-01-1989,"20,449",14079592
Jammu & Kashmir,75.3412179,33.277839,01-01-1991,"20,449",15926842
Jammu & Kashmir,75.3412179,33.277839,01-01-1993,"20,443",14738938
Jammu & Kashmir,75.3412179,33.277839,01-01-1995,"20,433",16015685
Jammu & Kashmir,75.3412179,33.277839,01-01-1997,"20,440",16097799
Jammu & Kashmir,75.3412179,33.277839,01-01-1999,"20,441",14457504
Jammu & Kashmir,75.3412179,33.277839,01-01-2001,"21,237",14452986
Jammu & Kashmir,75.3412179,33.277839,01-01-2003,"21,267",14412842
Jammu & Kashmir,75.3412179,33.277839,01-01-2005,"21,273",15103319
Jammu & Kashmir,75.3412179,33.277839,01-01-2007,"22,686",14579367
Jammu & Kashmir,75.3412179,33.277839,01-01-2011,"22,539",14412006
Jammu & Kashmir,75.3412179,33.277839,01-01-2013,"22,538",13756105
Jharkhand,85.2799354,23.6101808,01-01-1987,-,40297614
Jharkhand,85.2799354,23.6101808,01-01-1989,-,40176130
Jharkhand,85.2799354,23.6101808,01-01-1991,-,38970316
Jharkhand,85.2799354,23.6101808,01-01-1993,-,39633872
Jharkhand,85.2799354,23.6101808,01-01-1995,-,39168508
Jharkhand,85.2799354,23.6101808,01-01-1997,"21,692",40344494
Jharkhand,85.2799354,23.6101808,01-01-1999,"21,644",38931800
Jharkhand,85.2799354,23.6101808,01-01-2001,"22,637",39288457
Jharkhand,85.2799354,23.6101808,01-01-2003,"22,716",39768944
Jharkhand,85.2799354,23.6101808,01-01-2005,"22,591",39847722
Jharkhand,85.2799354,23.6101808,01-01-2007,"22,894",39632337
Jharkhand,85.2799354,23.6101808,01-01-2011,"22,977",39667054
Jharkhand,85.2799354,23.6101808,01-01-2013,"23,473",39329098
Karnataka,75.7138884,15.3172775,01-01-1987,"32,268",66324590
Karnataka,75.7138884,15.3172775,01-01-1989,"32,104",70493312
Karnataka,75.7138884,15.3172775,01-01-1991,"32,199",69283673
Karnataka,75.7138884,15.3172775,01-01-1993,"32,343",70497806
Karnataka,75.7138884,15.3172775,01-01-1995,"32,382",68697506
Karnataka,75.7138884,15.3172775,01-01-1997,"32,403",64245495
Karnataka,75.7138884,15.3172775,01-01-1999,"32,467",66575546
Karnataka,75.7138884,15.3172775,01-01-2001,"36,991",64287767
Karnataka,75.7138884,15.3172775,01-01-2003,"36,449",67520893
Karnataka,75.7138884,15.3172775,01-01-2005,"35,251",65712800
Karnataka,75.7138884,15.3172775,01-01-2007,"36,190",67098816
Karnataka,75.7138884,15.3172775,01-01-2011,"36,194",64367078
Karnataka,75.7138884,15.3172775,01-01-2013,"36,132",70164497
Kerala,76.2710833,10.8505159,01-01-1987,"10,292",40802684
Kerala,76.2710833,10.8505159,01-01-1989,"10,292",39212268
Kerala,76.2710833,10.8505159,01-01-1991,"10,292",39974604
Kerala,76.2710833,10.8505159,01-01-1993,"10,336",36069036
Kerala,76.2710833,10.8505159,01-01-1995,"10,336",40821997
Kerala,76.2710833,10.8505159,01-01-1997,"10,334",40796246
Kerala,76.2710833,10.8505159,01-01-1999,"10,323",36188599
Kerala,76.2710833,10.8505159,01-01-2001,"15,560",38110259
Kerala,76.2710833,10.8505159,01-01-2003,"15,577",36333120
Kerala,76.2710833,10.8505159,01-01-2005,"15,595",35929943
Kerala,76.2710833,10.8505159,01-01-2007,"17,324",38067815
Kerala,76.2710833,10.8505159,01-01-2011,"17,300",39465249
Kerala,76.2710833,10.8505159,01-01-2013,"17,922",38517712
Lakshadweep,72.78463353,10.32802651,01-01-1987,0,62232
Lakshadweep,72.78463353,10.32802651,01-01-1989,0,65911
Lakshadweep,72.78463353,10.32802651,01-01-1991,0,63930
Lakshadweep,72.78463353,10.32802651,01-01-1993,0,58109
Lakshadweep,72.78463353,10.32802651,01-01-1995,0,65868
Lakshadweep,72.78463353,10.32802651,01-01-1997,0,66533
Lakshadweep,72.78463353,10.32802651,01-01-1999,0,66426
Lakshadweep,72.78463353,10.32802651,01-01-2001,27,67716
Lakshadweep,72.78463353,10.32802651,01-01-2003,23,57420
Lakshadweep,72.78463353,10.32802651,01-01-2005,25,59523
Lakshadweep,72.78463353,10.32802651,01-01-2007,26,57198
Lakshadweep,72.78463353,10.32802651,01-01-2011,27,73549
Lakshadweep,72.78463353,10.32802651,01-01-2013,27.06,56515
Madhya Pradesh,78.6568942,22.9734229,01-01-1987,"1,30,099",80333077
Madhya Pradesh,78.6568942,22.9734229,01-01-1989,"1,35,541",51394697
Madhya Pradesh,78.6568942,22.9734229,01-01-1991,"1,35,541",45260609
Madhya Pradesh,78.6568942,22.9734229,01-01-1993,"1,35,396",59354820
Madhya Pradesh,78.6568942,22.9734229,01-01-1995,"1,35,164",43947894
Madhya Pradesh,78.6568942,22.9734229,01-01-1997,"74,760",85750574
Madhya Pradesh,78.6568942,22.9734229,01-01-1999,"75,137",79552021
Madhya Pradesh,78.6568942,22.9734229,01-01-2001,"77,265",44628114
Madhya Pradesh,78.6568942,22.9734229,01-01-2003,"76,429",44701449
Madhya Pradesh,78.6568942,22.9734229,01-01-2005,"76,013",92394995
Madhya Pradesh,78.6568942,22.9734229,01-01-2007,"77,700",52583480
Madhya Pradesh,78.6568942,22.9734229,01-01-2011,"77,700",85350950
Madhya Pradesh,78.6568942,22.9734229,01-01-2013,"77,522",50200549
Maharashtra,75.7138884,19.7514798,01-01-1987,"45,616",130609522
Maharashtra,75.7138884,19.7514798,01-01-1989,"44,044",128678128
Maharashtra,75.7138884,19.7514798,01-01-1991,"44,044",145994188
Maharashtra,75.7138884,19.7514798,01-01-1993,"43,859",147189640
Maharashtra,75.7138884,19.7514798,01-01-1995,"43,843",133686934
Maharashtra,75.7138884,19.7514798,01-01-1997,"46,143",129151871
Maharashtra,75.7138884,19.7514798,01-01-1999,"46,672",138577343
Maharashtra,75.7138884,19.7514798,01-01-2001,"47,482",129101250
Maharashtra,75.7138884,19.7514798,01-01-2003,"46,865",144262377
Maharashtra,75.7138884,19.7514798,01-01-2005,"47,476",147513737
Maharashtra,75.7138884,19.7514798,01-01-2007,"50,650",131816598
Maharashtra,75.7138884,19.7514798,01-01-2011,"50,646",135168513
Maharashtra,75.7138884,19.7514798,01-01-2013,"50,632",133525957
Manipur,93.9062688,24.6637173,01-01-1987,"17,475",3153160
Manipur,93.9062688,24.6637173,01-01-1989,"17,685",3136068
Manipur,93.9062688,24.6637173,01-01-1991,"17,685",3002894
Manipur,93.9062688,24.6637173,01-01-1993,"17,621",3571823
Manipur,93.9062688,24.6637173,01-01-1995,"17,558",3524411
Manipur,93.9062688,24.6637173,01-01-1997,"17,418",3340184
Manipur,93.9062688,24.6637173,01-01-1999,"17,384",3143895
Manipur,93.9062688,24.6637173,01-01-2001,"16,926",3154730
Manipur,93.9062688,24.6637173,01-01-2003,"17,219",3303913
Manipur,93.9062688,24.6637173,01-01-2005,"17,086",3548053
Manipur,93.9062688,24.6637173,01-01-2007,"17,280",3418143
Manipur,93.9062688,24.6637173,01-01-2011,"17,090",3582878
Manipur,93.9062688,24.6637173,01-01-2013,"16,990",3233251
Meghalaya,91.366216,25.4670308,01-01-1987,"16,466",3011951
Meghalaya,91.366216,25.4670308,01-01-1989,"15,645",3090073
Meghalaya,91.366216,25.4670308,01-01-1991,"15,875",3089867
Meghalaya,91.366216,25.4670308,01-01-1993,"15,769",3147349
Meghalaya,91.366216,25.4670308,01-01-1995,"15,714",3133305
Meghalaya,91.366216,25.4670308,01-01-1997,"15,657",3087939
Meghalaya,91.366216,25.4670308,01-01-1999,"15,633",3082374
Meghalaya,91.366216,25.4670308,01-01-2001,"15,584",3075755
Meghalaya,91.366216,25.4670308,01-01-2003,"16,839",3002641
Meghalaya,91.366216,25.4670308,01-01-2005,"16,988",3063550
Meghalaya,91.366216,25.4670308,01-01-2007,"17,321",3081842
Meghalaya,91.366216,25.4670308,01-01-2011,"17,275",3031355
Meghalaya,91.366216,25.4670308,01-01-2013,"17,288",3030074
Mizoram,92.9375739,23.164543,01-01-1987,"19,084",1407929
Mizoram,92.9375739,23.164543,01-01-1989,"18,170",1431801
Mizoram,92.9375739,23.164543,01-01-1991,"18,853",1383391
Mizoram,92.9375739,23.164543,01-01-1993,"18,697",1374026
Mizoram,92.9375739,23.164543,01-01-1995,"18,576",1420866
Mizoram,92.9375739,23.164543,01-01-1997,"18,775",1239058
Mizoram,92.9375739,23.164543,01-01-1999,"18,338",1261723
Mizoram,92.9375739,23.164543,01-01-2001,"17,494",1381972
Mizoram,92.9375739,23.164543,01-01-2003,"18,430",1242095
Mizoram,92.9375739,23.164543,01-01-2005,"18,684",1381833
Mizoram,92.9375739,23.164543,01-01-2007,"19,240",1230730
Mizoram,92.9375739,23.164543,01-01-2011,"19,117",1329321
Mizoram,92.9375739,23.164543,01-01-2013,"19,054",1286475
Nagaland,94.5624426,26.1584354,01-01-1987,"14,394",2298145
Nagaland,94.5624426,26.1584354,01-01-1989,"14,399",2564455
Nagaland,94.5624426,26.1584354,01-01-1991,"14,321",2591672
Nagaland,94.5624426,26.1584354,01-01-1993,"14,348",2616699
Nagaland,94.5624426,26.1584354,01-01-1995,"14,291",2558176
Nagaland,94.5624426,26.1584354,01-01-1997,"14,221",2248944
Nagaland,94.5624426,26.1584354,01-01-1999,"14,164",2559910
Nagaland,94.5624426,26.1584354,01-01-2001,"13,345",2402099
Nagaland,94.5624426,26.1584354,01-01-2003,"13,609",2222814
Nagaland,94.5624426,26.1584354,01-01-2005,"13,719",2481402
Nagaland,94.5624426,26.1584354,01-01-2007,"13,464",2282414
Nagaland,94.5624426,26.1584354,01-01-2011,"13,318",2252217
Nagaland,94.5624426,26.1584354,01-01-2013,"13,044",2427038
Orissa,85.0985236,20.9516658,01-01-1987,"53,253",46148539
Orissa,85.0985236,20.9516658,01-01-1989,"47,227",48754006
Orissa,85.0985236,20.9516658,01-01-1991,"47,205",48762451
Orissa,85.0985236,20.9516658,01-01-1993,"47,145",49027531
Orissa,85.0985236,20.9516658,01-01-1995,"47,107",48589300
Orissa,85.0985236,20.9516658,01-01-1997,"46,941",48860311
Orissa,85.0985236,20.9516658,01-01-1999,"47,033",50444648
Orissa,85.0985236,20.9516658,01-01-2001,"48,838",49294772
Orissa,85.0985236,20.9516658,01-01-2003,"48,366",48150544
Orissa,85.0985236,20.9516658,01-01-2005,"48,374",48236857
Orissa,85.0985236,20.9516658,01-01-2007,"48,855",47322063
Orissa,85.0985236,20.9516658,01-01-2011,"48,903",48654288
Orissa,85.0985236,20.9516658,01-01-2013,"50,347",47040274
Puducherry,79.8083133,11.9415915,01-01-1987,0,12428472
Puducherry,79.8083133,11.9415915,01-01-1989,0,12204885
Puducherry,79.8083133,11.9415915,01-01-1991,0,13470006
Puducherry,79.8083133,11.9415915,01-01-1993,0,12572503
Puducherry,79.8083133,11.9415915,01-01-1995,0,13555375
Puducherry,79.8083133,11.9415915,01-01-1997,0,13130047
Puducherry,79.8083133,11.9415915,01-01-1999,0,12236985
Puducherry,79.8083133,11.9415915,01-01-2001,36,12078509
Puducherry,79.8083133,11.9415915,01-01-2003,40,13170808
Puducherry,79.8083133,11.9415915,01-01-2005,42,13892508
Puducherry,79.8083133,11.9415915,01-01-2007,44,13954080
Puducherry,79.8083133,11.9415915,01-01-2011,50,13238471
Puducherry,79.8083133,11.9415915,01-01-2013,50.06,12049732
Punjab,75.3412179,31.1471305,01-01-1987,943,135502025
Punjab,75.3412179,31.1471305,01-01-1989,"1,338",139464006
Punjab,75.3412179,31.1471305,01-01-1991,"1,343",139370658
Punjab,75.3412179,31.1471305,01-01-1993,"1,343",124750556
Punjab,75.3412179,31.1471305,01-01-1995,"1,342",130496582
Punjab,75.3412179,31.1471305,01-01-1997,"1,387",123692612
Punjab,75.3412179,31.1471305,01-01-1999,"1,412",140911087
Punjab,75.3412179,31.1471305,01-01-2001,"2,432",122273403
Punjab,75.3412179,31.1471305,01-01-2003,"1,580",140694657
Punjab,75.3412179,31.1471305,01-01-2005,"1,558",135107485
Punjab,75.3412179,31.1471305,01-01-2007,"1,664",132560572
Punjab,75.3412179,31.1471305,01-01-2011,"1,764",121802633
Punjab,75.3412179,31.1471305,01-01-2013,"1,772",131516353
Rajasthan,74.2179326,26.44999921,01-01-1987,"12,758",82234561
Rajasthan,74.2179326,26.44999921,01-01-1989,"12,884",91153472
Rajasthan,74.2179326,26.44999921,01-01-1991,"12,889",106226381
Rajasthan,74.2179326,26.44999921,01-01-1993,"13,099",82224059
Rajasthan,74.2179326,26.44999921,01-01-1995,"13,280",102061972
Rajasthan,74.2179326,26.44999921,01-01-1997,"13,353",104337270
Rajasthan,74.2179326,26.44999921,01-01-1999,"13,871",82984455
Rajasthan,74.2179326,26.44999921,01-01-2001,"16,367",87016013
Rajasthan,74.2179326,26.44999921,01-01-2003,"15,826",93116756
Rajasthan,74.2179326,26.44999921,01-01-2005,"15,850",108124885
Rajasthan,74.2179326,26.44999921,01-01-2007,"16,036",108906178
Rajasthan,74.2179326,26.44999921,01-01-2011,"16,087",88294377
Rajasthan,74.2179326,26.44999921,01-01-2013,"16,086",85205279
Sikkim,88.5122178,27.3333303,01-01-1987,"2,756",728799
Sikkim,88.5122178,27.3333303,01-01-1989,"3,041",805696
Sikkim,88.5122178,27.3333303,01-01-1991,"3,041",763751
Sikkim,88.5122178,27.3333303,01-01-1993,"3,119",777067
Sikkim,88.5122178,27.3333303,01-01-1995,"3,127",822739
Sikkim,88.5122178,27.3333303,01-01-1997,"3,129",788244
Sikkim,88.5122178,27.3333303,01-01-1999,"3,118",805658
Sikkim,88.5122178,27.3333303,01-01-2001,"3,193",786883
Sikkim,88.5122178,27.3333303,01-01-2003,"3,262",776068
Sikkim,88.5122178,27.3333303,01-01-2005,"3,262",752727
Sikkim,88.5122178,27.3333303,01-01-2007,"3,357",720290
Sikkim,88.5122178,27.3333303,01-01-2011,"3,359",780782
Sikkim,88.5122178,27.3333303,01-01-2013,"3,358",710255
Tamil Nadu,78.6568942,12.92038576,01-01-1987,"17,472",90685189
Tamil Nadu,78.6568942,12.92038576,01-01-1989,"16,992",84625780
Tamil Nadu,78.6568942,12.92038576,01-01-1991,"16,992",90283903
Tamil Nadu,78.6568942,12.92038576,01-01-1993,"17,005",82528849
Tamil Nadu,78.6568942,12.92038576,01-01-1995,"17,045",81708467
Tamil Nadu,78.6568942,12.92038576,01-01-1997,"17,064",84168873
Tamil Nadu,78.6568942,12.92038576,01-01-1999,"17,078",88324853
Tamil Nadu,78.6568942,12.92038576,01-01-2001,"21,482",89105217
Tamil Nadu,78.6568942,12.92038576,01-01-2003,"22,643",87538294
Tamil Nadu,78.6568942,12.92038576,01-01-2005,"23,044",89506930
Tamil Nadu,78.6568942,12.92038576,01-01-2007,"23,338",85485292
Tamil Nadu,78.6568942,12.92038576,01-01-2011,"23,625",85088352
Tamil Nadu,78.6568942,12.92038576,01-01-2013,"23,844",83249033
Tripura,91.9881527,23.83540428,01-01-1987,"5,953",4300184
Tripura,91.9881527,23.83540428,01-01-1989,"5,535",4063424
Tripura,91.9881527,23.83540428,01-01-1991,"5,535",4347253
Tripura,91.9881527,23.83540428,01-01-1993,"5,538",4200200
Tripura,91.9881527,23.83540428,01-01-1995,"5,538",4310217
Tripura,91.9881527,23.83540428,01-01-1997,"5,546",4321748
Tripura,91.9881527,23.83540428,01-01-1999,"5,745",4205241
Tripura,91.9881527,23.83540428,01-01-2001,"7,065",4246482
Tripura,91.9881527,23.83540428,01-01-2003,"8,093",4103599
Tripura,91.9881527,23.83540428,01-01-2005,"8,155",4293804
Tripura,91.9881527,23.83540428,01-01-2007,"8,073",4032131
Tripura,91.9881527,23.83540428,01-01-2011,"7,977",4387760
Tripura,91.9881527,23.83540428,01-01-2013,"7,866",4091788
Uttar Pradesh,80.9461592,27.59998069,01-01-1987,"31,226",141805003.6
Uttar Pradesh,80.9461592,27.59998069,01-01-1989,"33,627",147972899.3
Uttar Pradesh,80.9461592,27.59998069,01-01-1991,"33,609",151077059.1
Uttar Pradesh,80.9461592,27.59998069,01-01-1993,"33,961",160440867.8
Uttar Pradesh,80.9461592,27.59998069,01-01-1995,"33,986",166758607.7
Uttar Pradesh,80.9461592,27.59998069,01-01-1997,"10,751",173155705.2
Uttar Pradesh,80.9461592,27.59998069,01-01-1999,"10,756",179584061
Uttar Pradesh,80.9461592,27.59998069,01-01-2001,"13,746",185975014.7
Uttar Pradesh,80.9461592,27.59998069,01-01-2003,"14,118",185975014.7
Uttar Pradesh,80.9461592,27.59998069,01-01-2005,"14,127",18607015015
Uttar Pradesh,80.9461592,27.59998069,01-01-2007,"14,341",186667014.7
Uttar Pradesh,80.9461592,27.59998069,01-01-2011,"14,338",185975014.7
Uttar Pradesh,80.9461592,27.59998069,01-01-2013,"14,349",185975170.4
Uttarakhand,79.0192997,30.32040895,01-01-1987,-,11408593
Uttarakhand,79.0192997,30.32040895,01-01-1989,-,11470998
Uttarakhand,79.0192997,30.32040895,01-01-1991,-,12411571
Uttarakhand,79.0192997,30.32040895,01-01-1993,-,12102421
Uttarakhand,79.0192997,30.32040895,01-01-1995,-,12037862
Uttarakhand,79.0192997,30.32040895,01-01-1997,"23,243",12094879
Uttarakhand,79.0192997,30.32040895,01-01-1999,"23,260",12199194
Uttarakhand,79.0192997,30.32040895,01-01-2001,"23,938",12100537
Uttarakhand,79.0192997,30.32040895,01-01-2003,"24,465",13380675
Uttarakhand,79.0192997,30.32040895,01-01-2005,"24,442",12788074
Uttarakhand,79.0192997,30.32040895,01-01-2007,"24,495",13445168
Uttarakhand,79.0192997,30.32040895,01-01-2011,"24,496",11523964
Uttarakhand,79.0192997,30.32040895,01-01-2013,"24,508",12801084
West Bengal,87.8549755,22.58039044,01-01-1987,"8,432",102572617
West Bengal,87.8549755,22.58039044,01-01-1989,"8,015",104324830
West Bengal,87.8549755,22.58039044,01-01-1991,"8,015",107766588
West Bengal,87.8549755,22.58039044,01-01-1993,"8,186",104763128
West Bengal,87.8549755,22.58039044,01-01-1995,"8,276",105855367
West Bengal,87.8549755,22.58039044,01-01-1997,"8,349",100238731
West Bengal,87.8549755,22.58039044,01-01-1999,"8,362",104022114
West Bengal,87.8549755,22.58039044,01-01-2001,"10,693",102336441
West Bengal,87.8549755,22.58039044,01-01-2003,"12,343",102620088
West Bengal,87.8549755,22.58039044,01-01-2005,"12,413",106365725
West Bengal,87.8549755,22.58039044,01-01-2007,"12,994",106457532
West Bengal,87.8549755,22.58039044,01-01-2011,"12,995",107445789
West Bengal,87.8549755,22.58039044,01-01-2013,"16,805",102227264